{"cameraMode":{"drawMode":0,"name":"Shaded","section":"Shading Mode"},"sceneLighting":true,"audioPlay":false,"sceneViewState":{"showFog":true,"showMaterialUpdate":false,"showSkybox":true,"showFlares":true,"showImageEffects":true,"showParticleSystems":true},"in2DMode":false,"pivot":{"x":1.0372207164764405,"y":4.195804595947266,"z":-1.4128680229187012},"rotation":{"x":0.05308705195784569,"y":0.8321087956428528,"z":-0.08088332414627075,"w":0.5461230874061585},"size":3.056586265563965,"orthographic":true}