{"cameraMode":{"drawMode":0,"name":"Shaded","section":"Shading Mode"},"sceneLighting":true,"audioPlay":false,"sceneViewState":{"showFog":true,"showMaterialUpdate":false,"showSkybox":true,"showFlares":true,"showImageEffects":true,"showParticleSystems":true},"in2DMode":false,"pivot":{"x":2.7799999713897707,"y":4.400000095367432,"z":-1.25},"rotation":{"x":0.3320600688457489,"y":-0.05090015009045601,"z":0.01795223169028759,"w":0.9417157173156738},"size":0.8660253882408142,"orthographic":true}