{"cameraMode":{"drawMode":0,"name":"Shaded","section":"Shading Mode"},"sceneLighting":true,"audioPlay":false,"sceneViewState":{"showFog":true,"showMaterialUpdate":false,"showSkybox":true,"showFlares":true,"showImageEffects":true,"showParticleSystems":true},"in2DMode":false,"pivot":{"x":-2.925659418106079,"y":3.6933183670043947,"z":-1.0765886306762696},"rotation":{"x":0.22310106456279756,"y":0.00789746455848217,"z":-0.0018099203007295728,"w":0.9747706651687622},"size":3.7292420864105226,"orthographic":false}